206000,QD,2,11,1980,3.9171
206000,QD,9,11,1980,2.6
206000,QD,16,11,1980,8.2314
206000,QD,23,11,1980,6.1257
206000,QD,30,11,1980,3.1729
206000,QD,7,12,1980,4.09
206000,QD,14,12,1980,16.2857
206000,QD,21,12,1980,8.7914
206000,QD,28,12,1980,7.9186
206000,QD,4,1,1981,13.5229
206000,QD,11,1,1981,6.6371
206000,QD,18,1,1981,6.9271
206000,QD,25,1,1981,6.3029
206000,QD,1,2,1981,5.9143
206000,QD,8,2,1981,15.1329
206000,QD,15,2,1981,11.5171
206000,QD,22,2,1981,6.3929
206000,QD,1,3,1981,4.9514
206000,QD,8,3,1981,29.0257
206000,QD,15,3,1981,26.5714
206000,QD,22,3,1981,15.0714
206000,QD,29,3,1981,13.6843
206000,QD,5,4,1981,7.32
206000,QD,12,4,1981,4.5529
206000,QD,19,4,1981,2.3614
206000,QD,26,4,1981,4.5971
206000,QD,3,5,1981,9.8143
206000,QD,10,5,1981,4.4171
206000,QD,17,5,1981,8.2871
206000,QD,24,5,1981,6.4929
206000,QD,31,5,1981,6.01
206000,QD,7,6,1981,3.8157
206000,QD,14,6,1981,3.29
206000,QD,21,6,1981,3.2957
206000,QD,28,6,1981,3.8471
206000,QD,5,7,1981,2.9814
206000,QD,12,7,1981,2.3543
206000,QD,19,7,1981,7.4757
206000,QD,26,7,1981,9.5529
206000,QD,2,8,1981,4.0014
206000,QD,9,8,1981,6.0214
206000,QD,16,8,1981,3.9686
206000,QD,23,8,1981,4.6529
206000,QD,30,8,1981,4.0486
206000,QD,6,9,1981,3.4543
206000,QD,13,9,1981,3.3086
206000,QD,20,9,1981,3.7871
206000,QD,27,9,1981,5.4357
206000,QD,4,10,1981,5.1071
206000,QD,11,10,1981,6.9357
206000,QD,18,10,1981,14.1
206000,QD,25,10,1981,13.6857
206000,QD,1,11,1981,21.3286
206000,QD,8,11,1981,11.3743
206000,QD,15,11,1981,11.6571
206000,QD,22,11,1981,11.9857
206000,QD,29,11,1981,14.6714
206000,QD,6,12,1981,13.1457
206000,QD,13,12,1981,13.9
206000,QD,20,12,1981,8.1771
206000,QD,27,12,1981,10.4886
206000,QD,3,1,1982,40.9714
206000,QD,10,1,1982,23.8286
206000,QD,17,1,1982,18.3857
206000,QD,24,1,1982,9.09
206000,QD,31,1,1982,17.8857
206000,QD,7,2,1982,14.3571
206000,QD,14,2,1982,7.6971
206000,QD,21,2,1982,5.62
206000,QD,28,2,1982,8.48
206000,QD,7,3,1982,10.7914
206000,QD,14,3,1982,10.32
206000,QD,21,3,1982,9.7914
206000,QD,28,3,1982,5.7286
206000,QD,4,4,1982,6.2771
206000,QD,11,4,1982,14.8
206000,QD,18,4,1982,8.4586
206000,QD,25,4,1982,3.9429
206000,QD,2,5,1982,4.59
206000,QD,9,5,1982,8.3814
206000,QD,16,5,1982,4.8643
206000,QD,23,5,1982,4.4657
206000,QD,30,5,1982,2.9214
206000,QD,6,6,1982,2.5286
206000,QD,13,6,1982,4.4814
206000,QD,20,6,1982,2.8414
206000,QD,27,6,1982,2.8043
206000,QD,4,7,1982,2.9414
206000,QD,11,7,1982,1.9429
206000,QD,18,7,1982,2.6914
206000,QD,25,7,1982,3.4586
206000,QD,1,8,1982,3.0857
206000,QD,8,8,1982,6.3029
206000,QD,15,8,1982,3.2114
206000,QD,22,8,1982,2.5143
206000,QD,29,8,1982,2.4243
206000,QD,5,9,1982,2.9371
206000,QD,12,9,1982,4.6543
206000,QD,19,9,1982,6.5014
206000,QD,26,9,1982,5.2057
206000,QD,3,10,1982,4.4129
206000,QD,10,10,1982,5.6057
206000,QD,17,10,1982,3.7
206000,QD,24,10,1982,2.7814
206000,QD,31,10,1982,2.4457
206000,QD,7,11,1982,2.1757
206000,QD,14,11,1982,2.9043
206000,QD,21,11,1982,4.0
206000,QD,28,11,1982,2.9043
206000,QD,5,12,1982,3.53
206000,QD,12,12,1982,8.4643
206000,QD,19,12,1982,9.1714
206000,QD,26,12,1982,3.8186
206000,QD,2,1,1983,11.5571
206000,QD,9,1,1983,7.4971
206000,QD,16,1,1983,12.6571
206000,QD,23,1,1983,11.1571
206000,QD,30,1,1983,16.6857
206000,QD,6,2,1983,11.6029
206000,QD,13,2,1983,7.0329
206000,QD,20,2,1983,6.0614
206000,QD,27,2,1983,7.4343
206000,QD,6,3,1983,8.18
206000,QD,13,3,1983,6.1757
206000,QD,20,3,1983,5.9471
206000,QD,27,3,1983,8.43
206000,QD,3,4,1983,7.8843
206000,QD,10,4,1983,14.0
206000,QD,17,4,1983,14.1386
206000,QD,24,4,1983,9.9529
206000,QD,1,5,1983,4.1443
206000,QD,8,5,1983,4.6557
206000,QD,15,5,1983,4.3657
206000,QD,22,5,1983,8.2386
206000,QD,29,5,1983,4.6257
206000,QD,5,6,1983,3.33
206000,QD,12,6,1983,4.0243
206000,QD,19,6,1983,3.3814
206000,QD,26,6,1983,3.1529
206000,QD,3,7,1983,2.3314
206000,QD,10,7,1983,2.1086
206000,QD,17,7,1983,2.2029
206000,QD,24,7,1983,2.5771
206000,QD,31,7,1983,4.2529
206000,QD,7,8,1983,5.7871
206000,QD,14,8,1983,3.33
206000,QD,21,8,1983,3.1086
206000,QD,28,8,1983,3.0743
206000,QD,4,9,1983,2.94
206000,QD,11,9,1983,3.8943
206000,QD,18,9,1983,3.7143
206000,QD,25,9,1983,3.5357
206000,QD,2,10,1983,3.4657
206000,QD,9,10,1983,3.6186
206000,QD,16,10,1983,3.9486
206000,QD,23,10,1983,3.4614
206000,QD,30,10,1983,3.4329
206000,QD,6,11,1983,3.3814
206000,QD,13,11,1983,3.4029
206000,QD,20,11,1983,3.4043
206000,QD,27,11,1983,10.4971
206000,QD,4,12,1983,4.5686
206000,QD,11,12,1983,5.9471
206000,QD,18,12,1983,5.6029
206000,QD,25,12,1983,6.3643
206000,QD,1,1,1984,6.6914
206000,QD,8,1,1984,5.1457
206000,QD,15,1,1984,16.4657
206000,QD,22,1,1984,7.3414
206000,QD,29,1,1984,5.9186
206000,QD,5,2,1984,18.2757
206000,QD,12,2,1984,19.7857
206000,QD,19,2,1984,6.2929
206000,QD,26,2,1984,6.3729
206000,QD,4,3,1984,5.6514
206000,QD,11,3,1984,5.0571
206000,QD,18,3,1984,5.0271
206000,QD,25,3,1984,10.0457
206000,QD,1,4,1984,20.5571
206000,QD,8,4,1984,14.95
206000,QD,15,4,1984,6.2657
206000,QD,22,4,1984,7.6443
206000,QD,29,4,1984,6.1157
206000,QD,6,5,1984,5.9429
206000,QD,13,5,1984,5.7757
206000,QD,20,5,1984,6.8857
206000,QD,27,5,1984,10.51
206000,QD,3,6,1984,14.8971
206000,QD,10,6,1984,15.5414
206000,QD,17,6,1984,8.1929
206000,QD,24,6,1984,10.9971
206000,QD,1,7,1984,5.81
206000,QD,8,7,1984,4.8029
206000,QD,15,7,1984,6.5514
206000,QD,22,7,1984,5.2943
206000,QD,29,7,1984,4.9043
206000,QD,5,8,1984,6.7914
206000,QD,12,8,1984,25.37
206000,QD,19,8,1984,7.1514
206000,QD,26,8,1984,8.4057
206000,QD,2,9,1984,5.5071
206000,QD,9,9,1984,17.8386
206000,QD,16,9,1984,14.0543
206000,QD,23,9,1984,7.8457
206000,QD,30,9,1984,11.0986
206000,QD,7,10,1984,6.9271
206000,QD,14,10,1984,6.4129
206000,QD,21,10,1984,5.7514
206000,QD,28,10,1984,4.7443
206000,QD,4,11,1984,3.9
206000,QD,11,11,1984,3.4771
206000,QD,18,11,1984,4.12
206000,QD,25,11,1984,14.8429
206000,QD,2,12,1984,8.5643
206000,QD,9,12,1984,6.0657
206000,QD,16,12,1984,5.3629
206000,QD,23,12,1984,4.4343
206000,QD,30,12,1984,4.2371
206000,QD,6,1,1985,4.1257
206000,QD,13,1,1985,3.9214
206000,QD,20,1,1985,3.7486
206000,QD,27,1,1985,5.35
206000,QD,3,2,1985,7.8429
206000,QD,10,2,1985,5.5271
206000,QD,17,2,1985,5.2743
206000,QD,24,2,1985,4.9171
206000,QD,3,3,1985,4.8129
206000,QD,10,3,1985,4.08
206000,QD,17,3,1985,2.5514
206000,QD,24,3,1985,3.2914
206000,QD,31,3,1985,6.68
206000,QD,7,4,1985,4.3243
206000,QD,14,4,1985,3.3071
206000,QD,21,4,1985,3.4971
206000,QD,28,4,1985,5.6786
206000,QD,5,5,1985,6.3886
206000,QD,12,5,1985,3.7986
206000,QD,19,5,1985,3.8986
206000,QD,26,5,1985,4.5786
206000,QD,2,6,1985,2.7643
206000,QD,9,6,1985,2.7729
206000,QD,16,6,1985,2.68
206000,QD,23,6,1985,2.46
206000,QD,30,6,1985,3.0657
206000,QD,7,7,1985,2.4814
206000,QD,14,7,1985,2.2157
206000,QD,21,7,1985,1.7029
206000,QD,28,7,1985,3.1557
206000,QD,4,8,1985,1.7529
206000,QD,11,8,1985,1.9386
206000,QD,18,8,1985,2.0314
206000,QD,25,8,1985,2.0957
206000,QD,1,9,1985,2.5471
206000,QD,8,9,1985,1.7871
206000,QD,15,9,1985,1.8257
206000,QD,22,9,1985,1.7914
206000,QD,29,9,1985,1.7986
206000,QD,6,10,1985,2.8429
206000,QD,13,10,1985,5.3286
206000,QD,20,10,1985,2.4871
206000,QD,27,10,1985,1.8043
206000,QD,3,11,1985,1.77
206000,QD,10,11,1985,4.4486
206000,QD,17,11,1985,2.1429
206000,QD,24,11,1985,1.66
206000,QD,1,12,1985,2.0786
206000,QD,8,12,1985,5.6857
206000,QD,15,12,1985,5.91
206000,QD,22,12,1985,5.7
206000,QD,29,12,1985,5.4414
206000,QD,5,1,1986,3.3843
206000,QD,12,1,1986,13.8171
206000,QD,19,1,1986,27.7543
206000,QD,26,1,1986,21.6414
206000,QD,2,2,1986,8.5457
206000,QD,9,2,1986,4.4386
206000,QD,16,2,1986,4.5243
206000,QD,23,2,1986,3.11
206000,QD,2,3,1986,4.8243
206000,QD,9,3,1986,7.1643
206000,QD,16,3,1986,7.3
206000,QD,23,3,1986,13.3129
206000,QD,30,3,1986,17.1371
206000,QD,6,4,1986,6.2929
206000,QD,13,4,1986,7.8671
206000,QD,20,4,1986,9.1486
206000,QD,27,4,1986,6.31
206000,QD,4,5,1986,2.8443
206000,QD,11,5,1986,2.9186
206000,QD,18,5,1986,4.4029
206000,QD,25,5,1986,3.8586
206000,QD,1,6,1986,9.6143
206000,QD,8,6,1986,8.2729
206000,QD,15,6,1986,7.9586
206000,QD,22,6,1986,5.0414
206000,QD,29,6,1986,2.1671
206000,QD,6,7,1986,3.1629
206000,QD,13,7,1986,3.1557
206000,QD,20,7,1986,2.3414
206000,QD,27,7,1986,3.0843
206000,QD,3,8,1986,2.1914
206000,QD,10,8,1986,2.3186
206000,QD,17,8,1986,5.7157
206000,QD,24,8,1986,5.05
206000,QD,31,8,1986,3.0371
206000,QD,7,9,1986,3.06
206000,QD,14,9,1986,7.4886
206000,QD,21,9,1986,3.9986
206000,QD,28,9,1986,2.8129
206000,QD,5,10,1986,2.6257
206000,QD,12,10,1986,3.51
206000,QD,19,10,1986,15.5429
206000,QD,26,10,1986,19.1571
206000,QD,2,11,1986,13.0329
206000,QD,9,11,1986,4.6514
206000,QD,16,11,1986,4.0914
206000,QD,23,11,1986,4.9214
206000,QD,30,11,1986,4.6886
206000,QD,7,12,1986,3.7343
206000,QD,14,12,1986,4.91
206000,QD,21,12,1986,15.3
206000,QD,28,12,1986,33.2357
206000,QD,4,1,1987,38.5429
206000,QD,11,1,1987,16.0214
206000,QD,18,1,1987,7.5914
206000,QD,25,1,1987,6.9286
206000,QD,1,2,1987,4.2414
206000,QD,8,2,1987,15.3586
206000,QD,15,2,1987,10.8114
206000,QD,22,2,1987,3.9029
206000,QD,1,3,1987,15.65
206000,QD,8,3,1987,6.8271
206000,QD,15,3,1987,5.4414
206000,QD,22,3,1987,19.3171
206000,QD,29,3,1987,32.7
206000,QD,5,4,1987,18.61
206000,QD,12,4,1987,30.5857
206000,QD,19,4,1987,9.4529
206000,QD,26,4,1987,6.0514
206000,QD,3,5,1987,11.8671
206000,QD,10,5,1987,7.1071
206000,QD,17,5,1987,4.6029
206000,QD,24,5,1987,8.3543
206000,QD,31,5,1987,7.35
206000,QD,7,6,1987,10.1857
206000,QD,14,6,1987,15.9214
206000,QD,21,6,1987,9.7657
206000,QD,28,6,1987,12.3529
206000,QD,5,7,1987,7.8
206000,QD,12,7,1987,6.1629
206000,QD,19,7,1987,10.6871
206000,QD,26,7,1987,8.3914
206000,QD,2,8,1987,6.31
206000,QD,9,8,1987,6.8186
206000,QD,16,8,1987,5.0671
206000,QD,23,8,1987,5.4529
206000,QD,30,8,1987,3.6157
206000,QD,6,9,1987,4.7214
206000,QD,13,9,1987,4.7643
206000,QD,20,9,1987,3.3
206000,QD,27,9,1987,3.58
206000,QD,4,10,1987,4.7671
206000,QD,11,10,1987,7.0214
206000,QD,18,10,1987,4.1271
206000,QD,25,10,1987,4.2414
206000,QD,1,11,1987,5.8829
206000,QD,8,11,1987,4.2929
206000,QD,15,11,1987,6.38
206000,QD,22,11,1987,7.55
206000,QD,29,11,1987,5.5071
206000,QD,6,12,1987,4.7143
206000,QD,13,12,1987,5.6757
206000,QD,20,12,1987,21.4143
206000,QD,27,12,1987,8.9871
206000,QD,3,1,1988,8.0929
206000,QD,10,1,1988,7.0686
206000,QD,17,1,1988,5.3371
206000,QD,24,1,1988,12.6314
206000,QD,31,1,1988,9.4986
206000,QD,7,2,1988,19.3643
206000,QD,14,2,1988,9.0243
206000,QD,21,2,1988,9.5271
206000,QD,28,2,1988,9.09
206000,QD,6,3,1988,8.1771
206000,QD,13,3,1988,18.7729
206000,QD,20,3,1988,29.1286
206000,QD,27,3,1988,54.0143
206000,QD,3,4,1988,42.2571
206000,QD,10,4,1988,23.3
206000,QD,17,4,1988,9.5586
206000,QD,24,4,1988,7.9886
206000,QD,1,5,1988,6.4443
206000,QD,8,5,1988,6.3514
206000,QD,15,5,1988,6.8386
206000,QD,22,5,1988,4.6057
206000,QD,29,5,1988,4.3671
206000,QD,5,6,1988,7.2929
206000,QD,12,6,1988,4.8729
206000,QD,19,6,1988,4.0414
206000,QD,26,6,1988,3.1043
206000,QD,3,7,1988,4.1171
206000,QD,10,7,1988,4.1543
206000,QD,17,7,1988,3.9614
206000,QD,24,7,1988,4.4414
206000,QD,31,7,1988,4.6
206000,QD,7,8,1988,4.09
206000,QD,14,8,1988,3.7957
206000,QD,21,8,1988,3.4129
206000,QD,28,8,1988,3.1143
206000,QD,4,9,1988,3.9229
206000,QD,11,9,1988,4.1157
206000,QD,18,9,1988,5.6586
206000,QD,25,9,1988,4.3629
206000,QD,2,10,1988,5.3571
206000,QD,9,10,1988,2.8214
206000,QD,16,10,1988,6.62
206000,QD,23,10,1988,5.13
206000,QD,30,10,1988,4.8514
206000,QD,6,11,1988,4.9371
206000,QD,13,11,1988,4.6
206000,QD,20,11,1988,4.5629
206000,QD,27,11,1988,7.58
206000,QD,4,12,1988,18.8143
206000,QD,11,12,1988,18.2857
206000,QD,18,12,1988,8.5014
206000,QD,25,12,1988,25.7714
206000,QD,1,1,1989,10.21
206000,QD,8,1,1989,11.8414
206000,QD,15,1,1989,8.5129
206000,QD,22,1,1989,5.3686
206000,QD,29,1,1989,4.8557
206000,QD,5,2,1989,5.0386
206000,QD,12,2,1989,5.11
206000,QD,19,2,1989,5.4086
206000,QD,26,2,1989,6.8643
206000,QD,5,3,1989,8.9886
206000,QD,12,3,1989,7.7557
206000,QD,19,3,1989,6.5829
206000,QD,26,3,1989,6.5686
206000,QD,2,4,1989,4.4257
206000,QD,9,4,1989,5.5971
206000,QD,16,4,1989,3.9729
206000,QD,23,4,1989,7.5029
206000,QD,30,4,1989,5.7757
206000,QD,7,5,1989,3.4857
206000,QD,14,5,1989,5.3214
206000,QD,21,5,1989,3.0771
206000,QD,28,5,1989,3.6814
206000,QD,4,6,1989,3.6786
206000,QD,11,6,1989,3.6
206000,QD,18,6,1989,3.3643
206000,QD,25,6,1989,3.1886
206000,QD,2,7,1989,4.9186
206000,QD,9,7,1989,2.7343
206000,QD,16,7,1989,2.5314
206000,QD,23,7,1989,4.0771
206000,QD,30,7,1989,3.7929
206000,QD,6,8,1989,2.8857
206000,QD,13,8,1989,2.8886
206000,QD,20,8,1989,3.1014
206000,QD,27,8,1989,2.4243
206000,QD,3,9,1989,2.4129
206000,QD,10,9,1989,4.9057
206000,QD,17,9,1989,4.3129
206000,QD,24,9,1989,4.0229
206000,QD,1,10,1989,3.0857
206000,QD,8,10,1989,4.5286
206000,QD,15,10,1989,4.9771
206000,QD,22,10,1989,3.8143
206000,QD,29,10,1989,3.8929
206000,QD,5,11,1989,7.8514
206000,QD,12,11,1989,5.2257
206000,QD,19,11,1989,5.3757
206000,QD,26,11,1989,3.3314
206000,QD,3,12,1989,3.7329
206000,QD,10,12,1989,4.1529
206000,QD,17,12,1989,13.5429
206000,QD,24,12,1989,12.4914
206000,QD,31,12,1989,3.8543
206000,QD,7,1,1990,2.9929
206000,QD,14,1,1990,2.08
206000,QD,21,1,1990,4.9529
206000,QD,28,1,1990,8.7786
206000,QD,4,2,1990,3.9643
206000,QD,11,2,1990,5.4757
206000,QD,18,2,1990,2.8586
206000,QD,25,2,1990,20.5
206000,QD,4,3,1990,20.1857
206000,QD,11,3,1990,7.2271
206000,QD,18,3,1990,6.8057
206000,QD,25,3,1990,6.1986
206000,QD,1,4,1990,4.1371
206000,QD,8,4,1990,2.7
206000,QD,15,4,1990,3.3943
206000,QD,22,4,1990,3.2929
206000,QD,29,4,1990,3.0943
206000,QD,6,5,1990,1.82
206000,QD,13,5,1990,1.67
206000,QD,20,5,1990,1.5229
206000,QD,27,5,1990,1.2943
206000,QD,3,6,1990,1.3429
206000,QD,10,6,1990,1.9286
206000,QD,17,6,1990,3.5586
206000,QD,24,6,1990,1.4614
206000,QD,1,7,1990,2.7443
206000,QD,8,7,1990,2.5671
206000,QD,15,7,1990,1.0786
206000,QD,22,7,1990,1.1043
206000,QD,29,7,1990,1.2914
206000,QD,5,8,1990,1.9529
206000,QD,12,8,1990,1.88
206000,QD,19,8,1990,1.4371
206000,QD,26,8,1990,1.084
206000,QD,2,9,1990,1.16
206000,QD,9,9,1990,1.87
206000,QD,16,9,1990,2.7029
206000,QD,23,9,1990,2.5229
206000,QD,30,9,1990,2.3429
206000,QD,7,10,1990,2.3671
206000,QD,14,10,1990,3.3814
206000,QD,21,10,1990,2.7186
206000,QD,28,10,1990,3.1514
206000,QD,4,11,1990,3.1114
206000,QD,11,11,1990,1.7343
206000,QD,18,11,1990,20.0329
206000,QD,25,11,1990,8.32
206000,QD,2,12,1990,3.2843
206000,QD,9,12,1990,3.1643
206000,QD,16,12,1990,2.8
206000,QD,23,12,1990,3.2
206000,QD,30,12,1990,12.1486
206000,QD,6,1,1991,19.4714
206000,QD,13,1,1991,8.2314
206000,QD,20,1,1991,4.0629
206000,QD,27,1,1991,3.9671
206000,QD,3,2,1991,2.6986
206000,QD,10,2,1991,2.8943
206000,QD,17,2,1991,2.54
206000,QD,24,2,1991,4.7557
206000,QD,3,3,1991,1.6671
206000,QD,10,3,1991,1.87
206000,QD,17,3,1991,3.0114
206000,QD,24,3,1991,4.9929
206000,QD,31,3,1991,2.8614
206000,QD,7,4,1991,1.7786
206000,QD,14,4,1991,2.09
206000,QD,21,4,1991,2.3214
206000,QD,28,4,1991,2.3186
206000,QD,5,5,1991,1.8186
206000,QD,12,5,1991,2.9343
206000,QD,19,5,1991,2.1671
206000,QD,26,5,1991,1.5971
206000,QD,2,6,1991,1.6286
206000,QD,9,6,1991,1.5686
206000,QD,16,6,1991,6.7671
206000,QD,23,6,1991,4.9957
206000,QD,30,6,1991,3.8714
206000,QD,7,7,1991,1.8829
206000,QD,14,7,1991,1.4214
206000,QD,21,7,1991,1.6571
206000,QD,28,7,1991,1.9857
206000,QD,4,8,1991,2.1443
206000,QD,11,8,1991,1.8943
206000,QD,18,8,1991,1.8857
206000,QD,25,8,1991,1.8429
206000,QD,1,9,1991,1.4786
206000,QD,8,9,1991,1.7171
206000,QD,15,9,1991,1.6243
206000,QD,22,9,1991,2.1814
206000,QD,29,9,1991,1.9271
206000,QD,6,10,1991,2.73
206000,QD,13,10,1991,4.2614
206000,QD,20,10,1991,3.8086
206000,QD,27,10,1991,3.4071
206000,QD,3,11,1991,2.4043
206000,QD,10,11,1991,3.7
206000,QD,17,11,1991,3.5943
206000,QD,24,11,1991,3.1157
206000,QD,1,12,1991,2.59
206000,QD,8,12,1991,1.7129
206000,QD,15,12,1991,2.4543
206000,QD,22,12,1991,10.6557
206000,QD,29,12,1991,4.9857
206000,QD,5,1,1992,7.4171
206000,QD,12,1,1992,3.7114
206000,QD,19,1,1992,2.9729
206000,QD,26,1,1992,1.9071
206000,QD,2,2,1992,2.8614
206000,QD,9,2,1992,3.6629
206000,QD,16,2,1992,4.9571
206000,QD,23,2,1992,4.6186
206000,QD,1,3,1992,2.95
206000,QD,8,3,1992,2.91
206000,QD,15,3,1992,6.5457
206000,QD,22,3,1992,10.2229
206000,QD,29,3,1992,6.9429
206000,QD,5,4,1992,4.9557
206000,QD,12,4,1992,3.0829
206000,QD,19,4,1992,2.86
206000,QD,26,4,1992,3.8843
206000,QD,3,5,1992,3.0514
206000,QD,10,5,1992,2.86
206000,QD,17,5,1992,1.6943
206000,QD,24,5,1992,1.7429
206000,QD,31,5,1992,1.8271
206000,QD,7,6,1992,1.8886
206000,QD,14,6,1992,1.8643
206000,QD,21,6,1992,2.4329
206000,QD,28,6,1992,1.8271
206000,QD,5,7,1992,2.6143
206000,QD,12,7,1992,1.8843
206000,QD,19,7,1992,3.6443
206000,QD,26,7,1992,4.0243
206000,QD,2,8,1992,5.8914
206000,QD,9,8,1992,4.1
206000,QD,16,8,1992,3.9514
206000,QD,23,8,1992,3.8014
206000,QD,30,8,1992,3.9786
206000,QD,6,9,1992,2.6957
206000,QD,13,9,1992,4.2986
206000,QD,20,9,1992,4.6043
206000,QD,27,9,1992,4.0157
206000,QD,4,10,1992,4.17
206000,QD,11,10,1992,1.9441
206000,QD,18,10,1992,5.5599
206000,QD,25,10,1992,7.0986
206000,QD,1,11,1992,5.1971
206000,QD,8,11,1992,4.5786
206000,QD,15,11,1992,6.37
206000,QD,22,11,1992,12.26
206000,QD,29,11,1992,8.3971
206000,QD,6,12,1992,11.1157
206000,QD,13,12,1992,6.9729
206000,QD,20,12,1992,7.4486
206000,QD,27,12,1992,6.42
206000,QD,3,1,1993,4.2657
206000,QD,10,1,1993,11.6914
206000,QD,17,1,1993,9.5929
206000,QD,24,1,1993,15.5571
206000,QD,31,1,1993,8.3043
206000,QD,7,2,1993,7.4714
206000,QD,14,2,1993,5.3629
206000,QD,21,2,1993,6.2171
206000,QD,28,2,1993,5.9471
206000,QD,7,3,1993,5.3086
206000,QD,14,3,1993,12.91
206000,QD,21,3,1993,15.5714
206000,QD,28,3,1993,8.4214
206000,QD,4,4,1993,4.2043
206000,QD,11,4,1993,3.9229
206000,QD,18,4,1993,6.9643
206000,QD,25,4,1993,3.3289
206000,QD,2,5,1993,1.8643
206000,QD,9,5,1993,1.6871
206000,QD,16,5,1993,3.58
206000,QD,23,5,1993,1.3657
206000,QD,30,5,1993,0.8841
206000,QD,6,6,1993,0.7993
206000,QD,13,6,1993,1.463
206000,QD,20,6,1993,2.6357
206000,QD,27,6,1993,2.4557
206000,QD,4,7,1993,1.2629
206000,QD,11,7,1993,2.6529
206000,QD,18,7,1993,4.6571
206000,QD,25,7,1993,3.2671
206000,QD,1,8,1993,2.4186
206000,QD,8,8,1993,3.0857
206000,QD,15,8,1993,2.0943
206000,QD,22,8,1993,1.69
206000,QD,29,8,1993,1.4543
206000,QD,5,9,1993,1.4386
206000,QD,12,9,1993,2.2514
206000,QD,19,9,1993,3.3786
206000,QD,26,9,1993,2.9743
206000,QD,3,10,1993,2.0057
206000,QD,10,10,1993,3.6586
206000,QD,17,10,1993,3.32
206000,QD,24,10,1993,3.3957
206000,QD,31,10,1993,2.56
206000,QD,7,11,1993,4.3586
206000,QD,14,11,1993,3.1289
206000,QD,21,11,1993,3.1086
206000,QD,28,11,1993,2.6643
206000,QD,5,12,1993,3.4386
206000,QD,12,12,1993,9.78
206000,QD,19,12,1993,33.4143
206000,QD,26,12,1993,22.8143
206000,QD,2,1,1994,26.2286
206000,QD,9,1,1994,19.9286
206000,QD,16,1,1994,10.0871
206000,QD,23,1,1994,16.3171
206000,QD,30,1,1994,18.7143
206000,QD,6,2,1994,12.1286
206000,QD,13,2,1994,7.37
206000,QD,20,2,1994,6.1143
206000,QD,27,2,1994,15.6429
206000,QD,6,3,1994,12.7229
206000,QD,13,3,1994,16.94
206000,QD,20,3,1994,20.1
206000,QD,27,3,1994,16.5
206000,QD,3,4,1994,13.0286
206000,QD,10,4,1994,13.46
206000,QD,17,4,1994,12.6257
206000,QD,24,4,1994,6.6586
206000,QD,1,5,1994,5.6957
206000,QD,8,5,1994,4.3586
206000,QD,15,5,1994,4.6286
206000,QD,22,5,1994,5.3157
206000,QD,29,5,1994,3.82
206000,QD,5,6,1994,3.3157
206000,QD,12,6,1994,2.6629
206000,QD,19,6,1994,1.4929
206000,QD,26,6,1994,1.4414
206000,QD,3,7,1994,1.7829
206000,QD,10,7,1994,1.3157
206000,QD,17,7,1994,1.4357
206000,QD,24,7,1994,1.4229
206000,QD,31,7,1994,1.8657
206000,QD,7,8,1994,4.6486
206000,QD,14,8,1994,4.3129
206000,QD,21,8,1994,3.0
206000,QD,28,8,1994,2.5871
206000,QD,4,9,1994,3.0471
206000,QD,11,9,1994,6.77
206000,QD,18,9,1994,6.71
206000,QD,25,9,1994,2.57
206000,QD,2,10,1994,3.4271
206000,QD,9,10,1994,3.9157
206000,QD,16,10,1994,2.6086
206000,QD,23,10,1994,2.5543
206000,QD,30,10,1994,6.8829
206000,QD,6,11,1994,4.1957
206000,QD,13,11,1994,5.6871
206000,QD,20,11,1994,12.77
206000,QD,27,11,1994,4.4443
206000,QD,4,12,1994,6.4571
206000,QD,11,12,1994,7.8629
206000,QD,18,12,1994,8.6371
206000,QD,25,12,1994,13.0443
206000,QD,1,1,1995,21.1543
206000,QD,8,1,1995,9.68
206000,QD,15,1,1995,7.82
206000,QD,22,1,1995,28.9614
206000,QD,29,1,1995,49.5857
206000,QD,5,2,1995,25.2714
206000,QD,12,2,1995,18.9143
206000,QD,19,2,1995,19.4143
206000,QD,26,2,1995,17.4
206000,QD,5,3,1995,17.4486
206000,QD,12,3,1995,9.61
206000,QD,19,3,1995,15.4057
206000,QD,26,3,1995,18.0
206000,QD,2,4,1995,19.3143
206000,QD,9,4,1995,9.2086
206000,QD,16,4,1995,15.2057
206000,QD,23,4,1995,8.75
206000,QD,30,4,1995,7.5943
206000,QD,7,5,1995,5.8457
206000,QD,14,5,1995,6.5743
206000,QD,21,5,1995,6.3343
206000,QD,28,5,1995,5.3114
206000,QD,4,6,1995,11.0671
206000,QD,11,6,1995,9.1586
206000,QD,18,6,1995,12.2671
206000,QD,25,6,1995,5.8829
206000,QD,2,7,1995,4.5129
206000,QD,9,7,1995,4.1529
206000,QD,16,7,1995,4.7957
206000,QD,23,7,1995,6.4543
206000,QD,30,7,1995,8.8943
206000,QD,6,8,1995,2.3443
206000,QD,13,8,1995,4.27
206000,QD,20,8,1995,2.5529
206000,QD,27,8,1995,6.6857
206000,QD,3,9,1995,16.9829
206000,QD,10,9,1995,4.3143
206000,QD,17,9,1995,3.4471
206000,QD,24,9,1995,4.6329
206000,QD,1,10,1995,7.0414
206000,QD,8,10,1995,5.0257
206000,QD,15,10,1995,3.1157
206000,QD,22,10,1995,3.17
206000,QD,29,10,1995,6.7429
206000,QD,5,11,1995,6.71
206000,QD,12,11,1995,6.7771
206000,QD,19,11,1995,7.2357
206000,QD,26,11,1995,6.33
206000,QD,3,12,1995,3.6729
206000,QD,10,12,1995,3.6029
206000,QD,17,12,1995,3.4943
206000,QD,24,12,1995,16.3829
206000,QD,31,12,1995,8.8557
206000,QD,7,1,1996,5.6243
206000,QD,14,1,1996,6.0043
206000,QD,21,1,1996,3.1286
206000,QD,28,1,1996,2.9086
206000,QD,4,2,1996,2.9457
206000,QD,11,2,1996,2.8343
206000,QD,18,2,1996,2.9971
206000,QD,25,2,1996,2.6671
206000,QD,3,3,1996,2.6586
206000,QD,10,3,1996,2.7929
206000,QD,17,3,1996,2.8743
206000,QD,24,3,1996,10.9986
206000,QD,31,3,1996,6.1057
206000,QD,7,4,1996,8.4571
206000,QD,14,4,1996,5.0429
206000,QD,21,4,1996,2.8114
206000,QD,28,4,1996,4.59
206000,QD,5,5,1996,4.4914
206000,QD,12,5,1996,3.31
206000,QD,19,5,1996,6.3514
206000,QD,26,5,1996,5.6471
206000,QD,2,6,1996,3.0843
206000,QD,9,6,1996,2.35
206000,QD,16,6,1996,2.6129
206000,QD,23,6,1996,2.6114
206000,QD,30,6,1996,2.6543
206000,QD,7,7,1996,5.4343
206000,QD,14,7,1996,4.8229
206000,QD,21,7,1996,3.1086
206000,QD,28,7,1996,2.7271
206000,QD,4,8,1996,2.0771
206000,QD,11,8,1996,7.7971
206000,QD,18,8,1996,7.2814
206000,QD,25,8,1996,6.3814
206000,QD,1,9,1996,5.7643
206000,QD,8,9,1996,7.7214
206000,QD,15,9,1996,9.44
206000,QD,22,9,1996,3.3157
206000,QD,29,9,1996,3.02
206000,QD,6,10,1996,3.5386
206000,QD,13,10,1996,2.8257
206000,QD,20,10,1996,4.1729
206000,QD,27,10,1996,3.7086
206000,QD,3,11,1996,5.5729
206000,QD,10,11,1996,7.6514
206000,QD,17,11,1996,7.1614
206000,QD,24,11,1996,6.9329
206000,QD,1,12,1996,7.1986
206000,QD,8,12,1996,6.4414
206000,QD,15,12,1996,5.3229
206000,QD,22,12,1996,9.5143
206000,QD,29,12,1996,4.2614
206000,QD,5,1,1997,3.0971
206000,QD,12,1,1997,3.16
206000,QD,19,1,1997,3.28
206000,QD,26,1,1997,3.8486
206000,QD,2,2,1997,3.6986
206000,QD,9,2,1997,12.1643
206000,QD,16,2,1997,19.2
206000,QD,23,2,1997,32.5857
206000,QD,2,3,1997,21.7143
206000,QD,9,3,1997,11.3414
206000,QD,16,3,1997,16.22
206000,QD,23,3,1997,11.5571
206000,QD,30,3,1997,12.8
206000,QD,6,4,1997,9.2757
206000,QD,13,4,1997,8.4257
206000,QD,20,4,1997,4.2586
206000,QD,27,4,1997,4.88
206000,QD,4,5,1997,6.4571
206000,QD,11,5,1997,4.4543
206000,QD,18,5,1997,3.13
206000,QD,25,5,1997,3.0186
206000,QD,1,6,1997,3.0243
206000,QD,8,6,1997,2.6543
206000,QD,15,6,1997,2.6757
206000,QD,22,6,1997,2.2671
206000,QD,29,6,1997,2.4414
206000,QD,6,7,1997,2.5614
206000,QD,13,7,1997,2.8971
206000,QD,20,7,1997,3.3986
206000,QD,27,7,1997,3.33
206000,QD,3,8,1997,3.2929
206000,QD,10,8,1997,2.9943
206000,QD,17,8,1997,2.04
206000,QD,24,8,1997,2.2714
206000,QD,31,8,1997,2.1457
206000,QD,7,9,1997,1.6834
206000,QD,14,9,1997,1.18
206000,QD,21,9,1997,1.2414
206000,QD,28,9,1997,1.0777
206000,QD,5,10,1997,1.1121
206000,QD,12,10,1997,1.36
206000,QD,19,10,1997,2.0129
206000,QD,26,10,1997,1.9614
206000,QD,2,11,1997,3.5357
206000,QD,9,11,1997,4.65
206000,QD,16,11,1997,4.4871
206000,QD,23,11,1997,4.0343
206000,QD,30,11,1997,3.8586
206000,QD,7,12,1997,3.39
206000,QD,14,12,1997,5.6943
206000,QD,21,12,1997,3.5829
206000,QD,28,12,1997,4.7629
206000,QD,4,1,1998,6.97
206000,QD,11,1,1998,5.6757
206000,QD,18,1,1998,5.4214
206000,QD,25,1,1998,3.8671
206000,QD,1,2,1998,3.22
206000,QD,8,2,1998,3.2529
206000,QD,15,2,1998,3.3986
206000,QD,22,2,1998,3.4186
206000,QD,1,3,1998,3.0629
206000,QD,8,3,1998,9.1543
206000,QD,15,3,1998,7.4043
206000,QD,22,3,1998,6.7929
206000,QD,29,3,1998,3.5143
206000,QD,5,4,1998,5.1071
206000,QD,12,4,1998,4.4529
206000,QD,19,4,1998,4.4143
206000,QD,26,4,1998,5.1729
206000,QD,3,5,1998,4.7614
206000,QD,10,5,1998,2.7614
206000,QD,17,5,1998,2.06
206000,QD,24,5,1998,1.9214
206000,QD,31,5,1998,2.3529
206000,QD,7,6,1998,2.4971
206000,QD,14,6,1998,4.0614
206000,QD,21,6,1998,3.3129
206000,QD,28,6,1998,1.9943
206000,QD,5,7,1998,2.6443
206000,QD,12,7,1998,3.86
206000,QD,19,7,1998,2.0529
206000,QD,26,7,1998,2.3929
206000,QD,2,8,1998,2.7171
206000,QD,9,8,1998,1.239
206000,QD,16,8,1998,1.0329
206000,QD,23,8,1998,2.7543
206000,QD,30,8,1998,2.2829
206000,QD,6,9,1998,5.07
206000,QD,13,9,1998,23.4543
206000,QD,20,9,1998,8.8629
206000,QD,27,9,1998,5.5529
206000,QD,4,10,1998,8.9829
206000,QD,11,10,1998,17.6429
206000,QD,18,10,1998,10.0014
206000,QD,25,10,1998,31.62
206000,QD,1,11,1998,49.6571
206000,QD,8,11,1998,25.2
206000,QD,15,11,1998,16.4714
206000,QD,22,11,1998,11.2586
206000,QD,29,11,1998,8.0071
206000,QD,6,12,1998,6.09
206000,QD,13,12,1998,15.4357
206000,QD,20,12,1998,12.1114
206000,QD,27,12,1998,9.5457
206000,QD,3,1,1999,11.8429
206000,QD,10,1,1999,15.0714
206000,QD,17,1,1999,11.3957
206000,QD,24,1,1999,12.3857
206000,QD,31,1,1999,12.3086
206000,QD,7,2,1999,15.9043
206000,QD,14,2,1999,9.9014
206000,QD,21,2,1999,17.9
206000,QD,28,2,1999,31.9
206000,QD,7,3,1999,22.4429
206000,QD,14,3,1999,14.6429
206000,QD,21,3,1999,11.5571
206000,QD,28,3,1999,10.8686
206000,QD,4,4,1999,10.1257
206000,QD,11,4,1999,7.78
206000,QD,18,4,1999,8.8014
206000,QD,25,4,1999,6.0057
206000,QD,2,5,1999,4.9957
206000,QD,9,5,1999,4.8843
206000,QD,16,5,1999,5.15
206000,QD,23,5,1999,7.0571
206000,QD,30,5,1999,5.8629
206000,QD,6,6,1999,5.2514
206000,QD,13,6,1999,4.1957
206000,QD,20,6,1999,3.4914
206000,QD,27,6,1999,2.3243
206000,QD,4,7,1999,6.0786
206000,QD,11,7,1999,4.1429
206000,QD,18,7,1999,3.9757
206000,QD,25,7,1999,2.6357
206000,QD,1,8,1999,2.4343
206000,QD,8,8,1999,2.5286
206000,QD,15,8,1999,3.3557
206000,QD,22,8,1999,2.8614
206000,QD,29,8,1999,2.4486
206000,QD,5,9,1999,4.7271
206000,QD,12,9,1999,1.6786
206000,QD,19,9,1999,1.9157
206000,QD,26,9,1999,3.1714
206000,QD,3,10,1999,4.6829
206000,QD,10,10,1999,3.6
206000,QD,17,10,1999,3.0414
206000,QD,24,10,1999,2.8
206000,QD,31,10,1999,2.6486
206000,QD,7,11,1999,3.6114
206000,QD,14,11,1999,3.7343
206000,QD,21,11,1999,4.2157
206000,QD,28,11,1999,2.3529
206000,QD,5,12,1999,2.92
206000,QD,12,12,1999,10.5871
206000,QD,19,12,1999,5.34
206000,QD,26,12,1999,11.03
206000,QD,2,1,2000,6.6971
206000,QD,9,1,2000,8.8157
206000,QD,16,1,2000,9.3043
206000,QD,23,1,2000,9.5429
206000,QD,30,1,2000,29.9143
206000,QD,6,2,2000,21.5571
206000,QD,13,2,2000,13.0857
206000,QD,20,2,2000,11.7429
206000,QD,27,2,2000,21.5571
206000,QD,5,3,2000,19.1314
206000,QD,12,3,2000,29.7571
206000,QD,19,3,2000,21.1671
206000,QD,26,3,2000,17.4
206000,QD,2,4,2000,12.0586
206000,QD,9,4,2000,6.78
206000,QD,16,4,2000,8.0886
206000,QD,23,4,2000,5.3557
206000,QD,30,4,2000,4.0243
206000,QD,7,5,2000,3.0171
206000,QD,14,5,2000,2.8357
206000,QD,21,5,2000,2.7557
206000,QD,28,5,2000,2.9071
206000,QD,4,6,2000,2.9614
206000,QD,11,6,2000,2.9671
206000,QD,18,6,2000,2.6957
206000,QD,25,6,2000,2.4871
206000,QD,2,7,2000,2.7357
206000,QD,9,7,2000,2.53
206000,QD,16,7,2000,2.3871
206000,QD,23,7,2000,2.5686
206000,QD,30,7,2000,2.81
206000,QD,6,8,2000,2.8571
206000,QD,13,8,2000,3.02
206000,QD,20,8,2000,5.5557
206000,QD,27,8,2000,2.49
206000,QD,3,9,2000,2.3914
206000,QD,10,9,2000,3.2743
206000,QD,17,9,2000,2.0229
206000,QD,24,9,2000,2.1214
206000,QD,1,10,2000,2.1429
206000,QD,8,10,2000,3.5457
206000,QD,15,10,2000,2.9514
206000,QD,22,10,2000,4.3843
206000,QD,29,10,2000,3.8914
206000,QD,5,11,2000,3.0143
206000,QD,12,11,2000,2.5014
206000,QD,19,11,2000,2.8971
206000,QD,26,11,2000,2.8671
206000,QD,3,12,2000,4.5229
206000,QD,10,12,2000,3.9957
206000,QD,17,12,2000,6.9043
206000,QD,24,12,2000,2.4986
206000,QD,31,12,2000,3.2786
206000,QD,7,1,2001,10.46
206000,QD,14,1,2001,3.0529
206000,QD,21,1,2001,4.5143
206000,QD,28,1,2001,4.86
206000,QD,4,2,2001,15.5929
206000,QD,11,2,2001,9.22
206000,QD,18,2,2001,4.9314
206000,QD,25,2,2001,4.2629
206000,QD,4,3,2001,5.8443
206000,QD,11,3,2001,15.7757
206000,QD,18,3,2001,18.0857
206000,QD,25,3,2001,28.6857
206000,QD,1,4,2001,14.2243
206000,QD,8,4,2001,8.6771
206000,QD,15,4,2001,8.41
206000,QD,22,4,2001,7.3443
206000,QD,29,4,2001,3.3029
206000,QD,6,5,2001,3.2871
206000,QD,13,5,2001,3.21
206000,QD,20,5,2001,3.2886
206000,QD,27,5,2001,2.6514
206000,QD,3,6,2001,2.5286
206000,QD,10,6,2001,2.7743
206000,QD,17,6,2001,2.8643
206000,QD,24,6,2001,2.5029
206000,QD,1,7,2001,2.7186
206000,QD,8,7,2001,6.6786
206000,QD,15,7,2001,6.4571
206000,QD,22,7,2001,2.5029
206000,QD,29,7,2001,2.65
206000,QD,5,8,2001,2.5729
206000,QD,12,8,2001,2.3871
206000,QD,19,8,2001,2.0757
206000,QD,26,8,2001,1.9614
206000,QD,2,9,2001,2.0457
206000,QD,9,9,2001,2.7471
206000,QD,16,9,2001,5.6729
206000,QD,23,9,2001,5.1014
206000,QD,30,9,2001,4.6714
206000,QD,7,10,2001,5.5686
206000,QD,14,10,2001,5.4629
206000,QD,21,10,2001,4.9343
206000,QD,28,10,2001,3.3614
206000,QD,4,11,2001,5.7714
206000,QD,11,11,2001,7.9586
206000,QD,18,11,2001,4.8486
206000,QD,25,11,2001,9.5757
206000,QD,2,12,2001,12.3714
206000,QD,9,12,2001,10.0871
206000,QD,16,12,2001,5.2271
206000,QD,23,12,2001,4.4014
206000,QD,30,12,2001,6.2343
206000,QD,6,1,2002,3.5929
206000,QD,13,1,2002,3.6614
206000,QD,20,1,2002,20.1229
206000,QD,27,1,2002,45.4286
206000,QD,3,2,2002,25.4857
206000,QD,10,2,2002,28.8571
206000,QD,17,2,2002,26.7857
206000,QD,24,2,2002,34.6857
206000,QD,3,3,2002,24.3714
206000,QD,10,3,2002,12.7614
206000,QD,17,3,2002,17.4029
206000,QD,24,3,2002,21.1286
206000,QD,31,3,2002,10.71
206000,QD,7,4,2002,4.2329
206000,QD,14,4,2002,4.9914
206000,QD,21,4,2002,5.1671
206000,QD,28,4,2002,7.2143
206000,QD,5,5,2002,4.0743
206000,QD,12,5,2002,4.2314
206000,QD,19,5,2002,2.7914
206000,QD,26,5,2002,3.5714
206000,QD,2,6,2002,4.2314
206000,QD,9,6,2002,8.3014
206000,QD,16,6,2002,5.0529
206000,QD,23,6,2002,3.1414
206000,QD,30,6,2002,2.5814
206000,QD,7,7,2002,2.3657
206000,QD,14,7,2002,2.6329
206000,QD,21,7,2002,2.49
206000,QD,28,7,2002,2.4743
206000,QD,4,8,2002,2.6457
206000,QD,11,8,2002,9.6571
206000,QD,18,8,2002,5.6029
206000,QD,25,8,2002,7.7743
206000,QD,1,9,2002,9.2871
206000,QD,8,9,2002,7.6214
206000,QD,15,9,2002,4.3086
206000,QD,22,9,2002,4.9357
206000,QD,29,9,2002,5.1086
206000,QD,6,10,2002,3.95
206000,QD,13,10,2002,4.2343
206000,QD,20,10,2002,9.9857
206000,QD,27,10,2002,29.4857
206000,QD,3,11,2002,19.4714
206000,QD,10,11,2002,26.2714
206000,QD,17,11,2002,19.7143
206000,QD,24,11,2002,19.5
206000,QD,1,12,2002,24.6571
206000,QD,8,12,2002,10.6843
206000,QD,15,12,2002,11.8271
206000,QD,22,12,2002,16.1043
206000,QD,29,12,2002,31.3286
206000,QD,5,1,2003,40.5143
206000,QD,12,1,2003,16.7571
206000,QD,19,1,2003,10.2329
206000,QD,26,1,2003,15.7029
206000,QD,2,2,2003,10.7786
206000,QD,9,2,2003,7.27
206000,QD,16,2,2003,6.0486
206000,QD,23,2,2003,5.8829
206000,QD,2,3,2003,6.9071
206000,QD,9,3,2003,12.2414
206000,QD,16,3,2003,13.1971
206000,QD,23,3,2003,7.4914
206000,QD,30,3,2003,6.3486
206000,QD,6,4,2003,7.0657
206000,QD,13,4,2003,5.1057
206000,QD,20,4,2003,3.4686
206000,QD,27,4,2003,3.3214
206000,QD,4,5,2003,3.25
206000,QD,11,5,2003,3.2314
206000,QD,18,5,2003,3.0857
206000,QD,25,5,2003,3.0557
206000,QD,1,6,2003,2.99
206000,QD,8,6,2003,3.75
206000,QD,15,6,2003,2.8414
206000,QD,22,6,2003,2.7557
206000,QD,29,6,2003,2.7157
206000,QD,6,7,2003,2.7743
206000,QD,13,7,2003,2.78
206000,QD,20,7,2003,2.7457
206000,QD,27,7,2003,2.5686
206000,QD,3,8,2003,2.7686
206000,QD,10,8,2003,2.49
206000,QD,17,8,2003,2.3843
206000,QD,24,8,2003,2.7214
206000,QD,31,8,2003,2.5029
206000,QD,7,9,2003,2.8186
206000,QD,14,9,2003,2.74
206000,QD,21,9,2003,2.3157
206000,QD,28,9,2003,2.2471
206000,QD,5,10,2003,2.9386
206000,QD,12,10,2003,6.2157
206000,QD,19,10,2003,4.3586
206000,QD,26,10,2003,3.95
206000,QD,2,11,2003,2.4043
206000,QD,9,11,2003,2.37
206000,QD,16,11,2003,2.58
206000,QD,23,11,2003,2.2786
206000,QD,30,11,2003,1.8357
206000,QD,7,12,2003,1.89
206000,QD,14,12,2003,5.6129
206000,QD,21,12,2003,6.9357
206000,QD,28,12,2003,3.1886
206000,QD,4,1,2004,2.4871
206000,QD,11,1,2004,12.6614
206000,QD,18,1,2004,7.7
206000,QD,25,1,2004,4.2086
206000,QD,1,2,2004,14.1343
206000,QD,8,2,2004,9.88
206000,QD,15,2,2004,8.0029
206000,QD,22,2,2004,4.5386
206000,QD,29,2,2004,3.4286
206000,QD,7,3,2004,2.9
206000,QD,14,3,2004,4.3671
206000,QD,21,3,2004,8.8129
206000,QD,28,3,2004,3.5243
206000,QD,4,4,2004,2.7586
206000,QD,11,4,2004,2.6857
206000,QD,18,4,2004,2.3386
206000,QD,25,4,2004,2.3329
206000,QD,2,5,2004,2.4229
206000,QD,9,5,2004,7.4829
206000,QD,16,5,2004,3.2214
206000,QD,23,5,2004,2.8186
206000,QD,30,5,2004,2.7543
206000,QD,6,6,2004,2.7114
206000,QD,13,6,2004,2.7257
206000,QD,20,6,2004,3.1343
206000,QD,27,6,2004,3.0957
206000,QD,4,7,2004,3.0
206000,QD,11,7,2004,2.83
206000,QD,18,7,2004,3.2
206000,QD,25,7,2004,3.2357
206000,QD,1,8,2004,2.7771
206000,QD,8,8,2004,2.8414
206000,QD,15,8,2004,2.5057
206000,QD,22,8,2004,2.2343
206000,QD,29,8,2004,2.4114
206000,QD,5,9,2004,2.5229
206000,QD,12,9,2004,2.2529
206000,QD,19,9,2004,2.9843
206000,QD,26,9,2004,7.3871
206000,QD,3,10,2004,4.3957
206000,QD,10,10,2004,4.0014
206000,QD,17,10,2004,3.2571
206000,QD,24,10,2004,3.06
206000,QD,31,10,2004,4.66
206000,QD,7,11,2004,5.33
206000,QD,14,11,2004,7.9286
206000,QD,21,11,2004,23.4
206000,QD,28,11,2004,11.2143
206000,QD,5,12,2004,6.0371
206000,QD,12,12,2004,5.1071
206000,QD,19,12,2004,5.6257
206000,QD,26,12,2004,11.7429
206000,QD,2,1,2005,11.08
206000,QD,9,1,2005,11.1314
206000,QD,16,1,2005,11.3457
206000,QD,23,1,2005,19.04
206000,QD,30,1,2005,7.2214
206000,QD,6,2,2005,7.0014
206000,QD,13,2,2005,35.5857
206000,QD,20,2,2005,11.2886
206000,QD,27,2,2005,7.0671
206000,QD,6,3,2005,5.8786
206000,QD,13,3,2005,7.6143
206000,QD,20,3,2005,17.9486
206000,QD,27,3,2005,8.6043
206000,QD,3,4,2005,6.6057
206000,QD,10,4,2005,8.0286
206000,QD,17,4,2005,6.0143
206000,QD,24,4,2005,5.55
206000,QD,1,5,2005,5.1329
206000,QD,8,5,2005,7.4471
206000,QD,15,5,2005,2.8343
206000,QD,22,5,2005,2.2043
206000,QD,29,5,2005,2.0514
206000,QD,5,6,2005,2.1357
206000,QD,12,6,2005,2.56
206000,QD,19,6,2005,2.7243
206000,QD,26,6,2005,2.9357
206000,QD,3,7,2005,2.6414
206000,QD,10,7,2005,2.5671
206000,QD,17,7,2005,2.7771
206000,QD,24,7,2005,2.8457
206000,QD,31,7,2005,3.8986
206000,QD,7,8,2005,3.1614
206000,QD,14,8,2005,7.1714
206000,QD,21,8,2005,8.8786
206000,QD,28,8,2005,4.4371
206000,QD,4,9,2005,2.5929
206000,QD,11,9,2005,14.15
206000,QD,18,9,2005,7.03
206000,QD,25,9,2005,2.69
206000,QD,2,10,2005,5.9671
206000,QD,9,10,2005,3.0357
206000,QD,16,10,2005,3.5457
206000,QD,23,10,2005,5.5429
206000,QD,30,10,2005,6.73
206000,QD,6,11,2005,4.2486
206000,QD,13,11,2005,2.1371
206000,QD,20,11,2005,1.9986
206000,QD,27,11,2005,2.6943
206000,QD,4,12,2005,7.0529
206000,QD,11,12,2005,6.5614
206000,QD,18,12,2005,9.0657
206000,QD,25,12,2005,10.1343
206000,QD,1,1,2006,5.4443
206000,QD,8,1,2006,4.4314
206000,QD,15,1,2006,3.1857
206000,QD,22,1,2006,4.2343
206000,QD,29,1,2006,2.6157
206000,QD,5,2,2006,2.5829
206000,QD,12,2,2006,3.5471
206000,QD,19,2,2006,8.96
206000,QD,26,2,2006,3.9071
206000,QD,5,3,2006,4.1857
206000,QD,12,3,2006,9.9486
206000,QD,19,3,2006,10.0071
206000,QD,26,3,2006,31.6143
206000,QD,2,4,2006,40.8429
206000,QD,9,4,2006,19.4086
206000,QD,16,4,2006,19.0
206000,QD,23,4,2006,14.6429
206000,QD,30,4,2006,10.2043
206000,QD,7,5,2006,5.03
206000,QD,14,5,2006,6.2329
206000,QD,21,5,2006,9.9814
206000,QD,28,5,2006,33.9286
206000,QD,4,6,2006,11.96
206000,QD,11,6,2006,6.5171
206000,QD,18,6,2006,5.7971
206000,QD,25,6,2006,8.7571
206000,QD,2,7,2006,8.2586
206000,QD,9,7,2006,9.1514
206000,QD,16,7,2006,3.7686
206000,QD,23,7,2006,2.8829
206000,QD,30,7,2006,4.3971
206000,QD,6,8,2006,9.2914
206000,QD,13,8,2006,4.0657
206000,QD,20,8,2006,3.4171
206000,QD,27,8,2006,6.5671
206000,QD,3,9,2006,3.7414
206000,QD,10,9,2006,2.8471
206000,QD,17,9,2006,2.9543
206000,QD,24,9,2006,5.9657
206000,QD,1,10,2006,11.29
206000,QD,8,10,2006,9.8043
206000,QD,15,10,2006,4.3957
206000,QD,22,10,2006,3.0514
206000,QD,29,10,2006,3.2414
206000,QD,5,11,2006,3.4871
206000,QD,12,11,2006,5.6157
206000,QD,19,11,2006,4.5086
206000,QD,26,11,2006,4.0171
206000,QD,3,12,2006,3.9357
206000,QD,10,12,2006,3.9271
206000,QD,17,12,2006,3.9629
206000,QD,24,12,2006,3.9057
206000,QD,31,12,2006,8.9414
206000,QD,7,1,2007,14.29
206000,QD,14,1,2007,12.9814
206000,QD,21,1,2007,14.9071
206000,QD,28,1,2007,11.6314
206000,QD,4,2,2007,11.3057
206000,QD,11,2,2007,21.0143
206000,QD,18,2,2007,10.0557
206000,QD,25,2,2007,10.5057
206000,QD,4,3,2007,15.8
206000,QD,11,3,2007,8.2386
206000,QD,18,3,2007,7.4386
206000,QD,25,3,2007,6.2686
206000,QD,1,4,2007,5.6414
206000,QD,8,4,2007,4.01
206000,QD,15,4,2007,3.5943
206000,QD,22,4,2007,3.26
206000,QD,29,4,2007,3.8114
206000,QD,6,5,2007,3.3914
206000,QD,13,5,2007,3.4929
206000,QD,20,5,2007,3.66
206000,QD,27,5,2007,4.2671
206000,QD,3,6,2007,4.35
206000,QD,10,6,2007,3.7157
206000,QD,17,6,2007,6.1
206000,QD,24,6,2007,5.1929
206000,QD,1,7,2007,5.1857
206000,QD,8,7,2007,4.5671
206000,QD,15,7,2007,3.7514
206000,QD,22,7,2007,7.4529
206000,QD,29,7,2007,4.91
206000,QD,5,8,2007,5.4071
206000,QD,12,8,2007,8.47
206000,QD,19,8,2007,6.3729
206000,QD,26,8,2007,6.01
206000,QD,2,9,2007,4.9971
206000,QD,9,9,2007,6.4586
206000,QD,16,9,2007,6.66
206000,QD,23,9,2007,6.0386
206000,QD,30,9,2007,11.8271
206000,QD,7,10,2007,8.4057
206000,QD,14,10,2007,5.9329
206000,QD,21,10,2007,6.3143
206000,QD,28,10,2007,5.8929
206000,QD,4,11,2007,6.0814
206000,QD,11,11,2007,23.8571
206000,QD,18,11,2007,9.9143
206000,QD,25,11,2007,8.1343
206000,QD,2,12,2007,26.15
206000,QD,9,12,2007,28.8857
206000,QD,16,12,2007,10.7129
206000,QD,23,12,2007,7.1943
206000,QD,30,12,2007,7.1114
206000,QD,6,1,2008,5.8286
206000,QD,13,1,2008,7.8243
206000,QD,20,1,2008,18.4429
206000,QD,27,1,2008,12.5857
206000,QD,3,2,2008,14.2
206000,QD,10,2,2008,11.7129
206000,QD,17,2,2008,10.2129
206000,QD,24,2,2008,8.0114
206000,QD,2,3,2008,22.4857
206000,QD,9,3,2008,11.95
206000,QD,16,3,2008,14.7429
206000,QD,23,3,2008,13.2714
206000,QD,30,3,2008,14.9286
206000,QD,6,4,2008,14.5
206000,QD,13,4,2008,17.1
206000,QD,20,4,2008,13.5
206000,QD,27,4,2008,8.9371
206000,QD,4,5,2008,9.0829
206000,QD,11,5,2008,6.9457
206000,QD,18,5,2008,4.49
206000,QD,25,5,2008,4.3543
206000,QD,1,6,2008,3.6671
206000,QD,8,6,2008,3.0157
206000,QD,15,6,2008,2.9886
206000,QD,22,6,2008,3.2014
206000,QD,29,6,2008,2.9829
206000,QD,6,7,2008,3.1243
206000,QD,13,7,2008,3.02
206000,QD,20,7,2008,3.2871
206000,QD,27,7,2008,3.4243
206000,QD,3,8,2008,2.8814
206000,QD,10,8,2008,2.9943
206000,QD,17,8,2008,3.3043
206000,QD,24,8,2008,2.8057
206000,QD,31,8,2008,3.06
206000,QD,7,9,2008,2.94
206000,QD,14,9,2008,2.8071
206000,QD,21,9,2008,2.7686
206000,QD,28,9,2008,4.2857
206000,QD,5,10,2008,3.7629
206000,QD,12,10,2008,4.4243
206000,QD,19,10,2008,6.42
206000,QD,26,10,2008,7.5014
206000,QD,2,11,2008,7.6414
206000,QD,9,11,2008,5.1914
206000,QD,16,11,2008,3.54
206000,QD,23,11,2008,9.5029
206000,QD,30,11,2008,4.75
206000,QD,7,12,2008,7.1871
206000,QD,14,12,2008,8.3671
206000,QD,21,12,2008,10.6171
206000,QD,28,12,2008,5.36
206000,QD,4,1,2009,4.5771
206000,QD,11,1,2009,3.8057
206000,QD,18,1,2009,5.2371
206000,QD,25,1,2009,4.8529
206000,QD,1,2,2009,3.4229
206000,QD,8,2,2009,5.3543
206000,QD,15,2,2009,4.2743
206000,QD,22,2,2009,4.1486
206000,QD,1,3,2009,20.4857
206000,QD,8,3,2009,18.9857
206000,QD,15,3,2009,18.2
206000,QD,22,3,2009,8.6571
206000,QD,29,3,2009,13.17
206000,QD,5,4,2009,9.4043
206000,QD,12,4,2009,7.0757
206000,QD,19,4,2009,11.2243
206000,QD,26,4,2009,9.5471
206000,QD,3,5,2009,4.5814
206000,QD,10,5,2009,5.63
206000,QD,17,5,2009,3.4771
206000,QD,24,5,2009,3.55
206000,QD,31,5,2009,3.7914
206000,QD,7,6,2009,3.9986
206000,QD,14,6,2009,4.0929
206000,QD,21,6,2009,3.4843
206000,QD,28,6,2009,3.7143
206000,QD,5,7,2009,3.3843
206000,QD,12,7,2009,3.6257
206000,QD,19,7,2009,5.4986
206000,QD,26,7,2009,2.8443
206000,QD,2,8,2009,2.1986
206000,QD,9,8,2009,1.5557
206000,QD,16,8,2009,2.3186
206000,QD,23,8,2009,1.9786
206000,QD,30,8,2009,1.8929
206000,QD,6,9,2009,1.6171
206000,QD,13,9,2009,2.9043
206000,QD,20,9,2009,2.5257
206000,QD,27,9,2009,2.0857
206000,QD,4,10,2009,3.8043
206000,QD,11,10,2009,7.4143
206000,QD,18,10,2009,5.1343
206000,QD,25,10,2009,4.2014
206000,QD,1,11,2009,8.43
206000,QD,8,11,2009,7.8529
206000,QD,15,11,2009,4.1414
206000,QD,22,11,2009,3.9786
206000,QD,29,11,2009,5.7757
206000,QD,6,12,2009,6.2114
206000,QD,13,12,2009,8.8829
206000,QD,20,12,2009,6.1657
206000,QD,27,12,2009,9.8029
206000,QD,3,1,2010,8.8543
206000,QD,10,1,2010,5.59
206000,QD,17,1,2010,5.3143
206000,QD,24,1,2010,4.0243
206000,QD,31,1,2010,4.5214
206000,QD,7,2,2010,3.6157
206000,QD,14,2,2010,3.77
206000,QD,21,2,2010,8.9471
206000,QD,28,2,2010,19.8986
206000,QD,7,3,2010,7.6486
206000,QD,14,3,2010,10.4629
206000,QD,21,3,2010,19.4714
206000,QD,28,3,2010,15.9429
206000,QD,4,4,2010,8.3429
206000,QD,11,4,2010,8.0457
206000,QD,18,4,2010,6.48
206000,QD,25,4,2010,6.0114
206000,QD,2,5,2010,4.4714
206000,QD,9,5,2010,5.8786
206000,QD,16,5,2010,5.43
206000,QD,23,5,2010,3.96
206000,QD,30,5,2010,5.29
206000,QD,6,6,2010,7.71
206000,QD,13,6,2010,6.35
206000,QD,20,6,2010,5.7443
206000,QD,27,6,2010,2.9471
206000,QD,4,7,2010,2.9771
206000,QD,11,7,2010,2.9686
206000,QD,18,7,2010,3.1686
206000,QD,25,7,2010,2.9886
206000,QD,1,8,2010,4.4057
206000,QD,8,8,2010,8.1271
206000,QD,15,8,2010,9.6486
206000,QD,22,8,2010,8.0614
206000,QD,29,8,2010,12.6843
206000,QD,5,9,2010,7.7071
206000,QD,12,9,2010,5.8529
206000,QD,19,9,2010,4.2314
206000,QD,26,9,2010,7.0157
206000,QD,3,10,2010,7.67
206000,QD,10,10,2010,7.8529
206000,QD,17,10,2010,7.6243
206000,QD,24,10,2010,7.33
206000,QD,31,10,2010,5.9871
206000,QD,7,11,2010,7.5986
206000,QD,14,11,2010,21.1
206000,QD,21,11,2010,13.8
206000,QD,28,11,2010,10.1114
206000,QD,5,12,2010,13.95
206000,QD,12,12,2010,16.8
206000,QD,19,12,2010,12.6557
206000,QD,26,12,2010,7.9086
206000,QD,2,1,2011,9.9543
206000,QD,9,1,2011,40.2
206000,QD,16,1,2011,44.0429
206000,QD,23,1,2011,25.5286
206000,QD,30,1,2011,16.17
206000,QD,6,2,2011,16.8857
206000,QD,13,2,2011,15.09
206000,QD,20,2,2011,9.08
206000,QD,27,2,2011,6.9143
206000,QD,6,3,2011,7.6857
206000,QD,13,3,2011,8.0843
206000,QD,20,3,2011,7.1957
206000,QD,27,3,2011,7.98
206000,QD,3,4,2011,5.1114
206000,QD,10,4,2011,4.9014
206000,QD,17,4,2011,5.4571
206000,QD,24,4,2011,4.8614
206000,QD,1,5,2011,5.1071
206000,QD,8,5,2011,3.4086
206000,QD,15,5,2011,3.4843
206000,QD,22,5,2011,3.9071
206000,QD,29,5,2011,4.1186
206000,QD,5,6,2011,4.58
206000,QD,12,6,2011,4.01
206000,QD,19,6,2011,4.6414
206000,QD,26,6,2011,3.4114
206000,QD,3,7,2011,3.3971
206000,QD,10,7,2011,3.71
206000,QD,17,7,2011,4.2186
206000,QD,24,7,2011,2.8186
206000,QD,31,7,2011,2.8757
206000,QD,7,8,2011,3.23
206000,QD,14,8,2011,2.7614
206000,QD,21,8,2011,3.5857
206000,QD,28,8,2011,1.9186
206000,QD,4,9,2011,2.5943
206000,QD,11,9,2011,3.0143
206000,QD,18,9,2011,5.9229
206000,QD,25,9,2011,2.6386
206000,QD,2,10,2011,2.1457
206000,QD,9,10,2011,2.6943
206000,QD,16,10,2011,2.76
206000,QD,23,10,2011,2.6457
206000,QD,30,10,2011,2.7329
206000,QD,6,11,2011,2.8871
206000,QD,13,11,2011,3.55
206000,QD,20,11,2011,3.0071
206000,QD,27,11,2011,2.9857
206000,QD,4,12,2011,7.9729
206000,QD,11,12,2011,12.7443
206000,QD,18,12,2011,16.1971
206000,QD,25,12,2011,14.29
206000,QD,1,1,2012,17.1114
206000,QD,8,1,2012,21.0714
206000,QD,15,1,2012,14.5
206000,QD,22,1,2012,27.0143
206000,QD,29,1,2012,10.7714
206000,QD,5,2,2012,7.0086
206000,QD,12,2,2012,5.4086
206000,QD,19,2,2012,9.9171
206000,QD,26,2,2012,10.4471
206000,QD,4,3,2012,8.6
206000,QD,11,3,2012,7.6143
206000,QD,18,3,2012,5.0686
206000,QD,25,3,2012,2.7857
206000,QD,1,4,2012,2.7257
206000,QD,8,4,2012,2.7371
206000,QD,15,4,2012,2.7057
206000,QD,22,4,2012,2.6757
206000,QD,29,4,2012,3.0314
206000,QD,6,5,2012,2.9386
206000,QD,13,5,2012,2.9586
206000,QD,20,5,2012,2.4457
206000,QD,27,5,2012,2.1314
206000,QD,3,6,2012,2.4443
206000,QD,10,6,2012,3.0629
206000,QD,17,6,2012,3.7214
206000,QD,24,6,2012,2.2243
206000,QD,1,7,2012,2.4629
206000,QD,8,7,2012,2.1543
206000,QD,15,7,2012,4.4786
206000,QD,22,7,2012,3.2029
206000,QD,29,7,2012,2.1371
206000,QD,5,8,2012,2.2029
206000,QD,12,8,2012,1.9529
206000,QD,19,8,2012,1.9957
206000,QD,26,8,2012,1.6643
206000,QD,2,9,2012,1.67
206000,QD,9,9,2012,1.6743
206000,QD,16,9,2012,1.7057
206000,QD,23,9,2012,1.7414
206000,QD,30,9,2012,2.31
206000,QD,7,10,2012,6.7186
206000,QD,14,10,2012,6.5329
206000,QD,21,10,2012,5.78
206000,QD,28,10,2012,5.0729
206000,QD,4,11,2012,6.3329
206000,QD,11,11,2012,7.4671
206000,QD,18,11,2012,3.5143
206000,QD,25,11,2012,2.8771
206000,QD,2,12,2012,2.9986
206000,QD,9,12,2012,2.5857
206000,QD,16,12,2012,7.7671
206000,QD,23,12,2012,27.9143
206000,QD,30,12,2012,20.1286
206000,QD,6,1,2013,19.5857
206000,QD,13,1,2013,8.9686
206000,QD,20,1,2013,6.61
206000,QD,27,1,2013,15.4286
206000,QD,3,2,2013,19.5
206000,QD,10,2,2013,9.7757
206000,QD,17,2,2013,7.4971
206000,QD,24,2,2013,6.8843
206000,QD,3,3,2013,5.4957
206000,QD,10,3,2013,10.2186
206000,QD,17,3,2013,7.4814
206000,QD,24,3,2013,5.9614
206000,QD,31,3,2013,5.0
206000,QD,7,4,2013,4.9529
206000,QD,14,4,2013,9.1686
206000,QD,21,4,2013,5.3971
206000,QD,28,4,2013,3.84
206000,QD,5,5,2013,3.8329
206000,QD,12,5,2013,3.8471
206000,QD,19,5,2013,7.2029
206000,QD,26,5,2013,11.9129
206000,QD,2,6,2013,33.3571
206000,QD,9,6,2013,20.4
206000,QD,16,6,2013,8.6429
206000,QD,23,6,2013,8.0871
206000,QD,30,6,2013,5.5986
206000,QD,7,7,2013,3.9657
206000,QD,14,7,2013,2.7157
206000,QD,21,7,2013,2.3729
206000,QD,28,7,2013,2.6014
206000,QD,4,8,2013,3.8571
206000,QD,11,8,2013,4.1386
206000,QD,18,8,2013,2.6386
206000,QD,25,8,2013,2.95
206000,QD,1,9,2013,3.5629
206000,QD,8,9,2013,3.5971
206000,QD,15,9,2013,5.49
206000,QD,22,9,2013,6.8971
206000,QD,29,9,2013,5.1157
206000,QD,6,10,2013,7.8543
206000,QD,13,10,2013,7.5657
206000,QD,20,10,2013,4.7129
206000,QD,27,10,2013,3.9814
206000,QD,3,11,2013,6.8843
206000,QD,10,11,2013,9.5771
206000,QD,17,11,2013,7.1771
206000,QD,24,11,2013,4.9414
206000,QD,1,12,2013,4.7757
206000,QD,8,12,2013,6.4586
206000,QD,15,12,2013,6.2686
206000,QD,22,12,2013,5.1657
206000,QD,29,12,2013,5.54
206000,QD,5,1,2014,4.0671
206000,QD,12,1,2014,5.5414
206000,QD,19,1,2014,5.2071
206000,QD,26,1,2014,4.39
206000,QD,2,2,2014,4.1914
206000,QD,9,2,2014,6.2986
206000,QD,16,2,2014,5.3829
206000,QD,23,2,2014,4.1457
206000,QD,2,3,2014,3.18
206000,QD,9,3,2014,2.0857
206000,QD,16,3,2014,1.6086
206000,QD,23,3,2014,1.7186
206000,QD,30,3,2014,2.1957
206000,QD,6,4,2014,1.6086
206000,QD,13,4,2014,1.6457
206000,QD,20,4,2014,2.0671
206000,QD,27,4,2014,1.93
206000,QD,4,5,2014,1.7986
206000,QD,11,5,2014,1.4729
206000,QD,18,5,2014,1.4414
206000,QD,25,5,2014,3.1257
206000,QD,1,6,2014,3.0986
206000,QD,8,6,2014,2.1271
206000,QD,15,6,2014,2.1257
206000,QD,22,6,2014,1.8829
206000,QD,29,6,2014,1.6943
206000,QD,6,7,2014,2.6529
206000,QD,13,7,2014,2.7186
206000,QD,20,7,2014,1.8043
206000,QD,27,7,2014,3.37
206000,QD,3,8,2014,5.2714
206000,QD,10,8,2014,2.75
206000,QD,17,8,2014,1.5871
206000,QD,24,8,2014,2.2314
206000,QD,31,8,2014,3.2429
206000,QD,7,9,2014,3.2229
206000,QD,14,9,2014,5.3357
206000,QD,21,9,2014,4.9029
206000,QD,28,9,2014,4.6043
206000,QD,5,10,2014,4.1657
206000,QD,12,10,2014,6.2429
206000,QD,19,10,2014,11.4714
206000,QD,26,10,2014,10.6714
206000,QD,2,11,2014,5.44
206000,QD,9,11,2014,4.67
206000,QD,16,11,2014,3.5586
206000,QD,23,11,2014,3.9714
206000,QD,30,11,2014,3.9757
206000,QD,7,12,2014,4.4071
206000,QD,14,12,2014,7.5614
206000,QD,21,12,2014,10.52
206000,QD,28,12,2014,6.0157
206000,QD,4,1,2015,7.5243
206000,QD,11,1,2015,21.6286
206000,QD,18,1,2015,9.4943
206000,QD,25,1,2015,7.3871
206000,QD,1,2,2015,6.9229
206000,QD,8,2,2015,5.7529
206000,QD,15,2,2015,5.2471
206000,QD,22,2,2015,5.0986
206000,QD,1,3,2015,6.6771
206000,QD,8,3,2015,4.3786
206000,QD,15,3,2015,4.9857
206000,QD,22,3,2015,4.1414
206000,QD,29,3,2015,14.4571
206000,QD,5,4,2015,9.6857
206000,QD,12,4,2015,4.9843
206000,QD,19,4,2015,3.5471
206000,QD,26,4,2015,3.0686
206000,QD,3,5,2015,4.6486
206000,QD,10,5,2015,3.1986
206000,QD,17,5,2015,2.5314
206000,QD,24,5,2015,2.47
206000,QD,31,5,2015,2.4671
206000,QD,7,6,2015,2.4871
206000,QD,14,6,2015,2.78
206000,QD,21,6,2015,3.0871
206000,QD,28,6,2015,2.5814
206000,QD,5,7,2015,1.8743
206000,QD,12,7,2015,1.8457
206000,QD,19,7,2015,1.8
206000,QD,26,7,2015,2.0143
206000,QD,2,8,2015,2.14
206000,QD,9,8,2015,2.1929
206000,QD,16,8,2015,4.9486
206000,QD,23,8,2015,2.9886
206000,QD,30,8,2015,2.5171
206000,QD,6,9,2015,1.9414
206000,QD,13,9,2015,1.94
206000,QD,20,9,2015,2.0971
206000,QD,27,9,2015,3.79
206000,QD,4,10,2015,4.3957
206000,QD,11,10,2015,4.8343
206000,QD,18,10,2015,6.4671
206000,QD,25,10,2015,5.5129
206000,QD,1,11,2015,2.6271
206000,QD,8,11,2015,2.4
206000,QD,15,11,2015,4.5386
206000,QD,22,11,2015,11.0886
206000,QD,29,11,2015,26.5943
206000,QD,6,12,2015,11.0814
206000,QD,13,12,2015,9.8843
206000,QD,20,12,2015,6.0829
206000,QD,27,12,2015,5.2986
206000,QD,3,1,2016,4.9
206000,QD,10,1,2016,12.7557
206000,QD,17,1,2016,8.3414
206000,QD,24,1,2016,11.3771
206000,QD,31,1,2016,14.3143
206000,QD,7,2,2016,16.6857
206000,QD,14,2,2016,14.4286
206000,QD,21,2,2016,22.6
206000,QD,28,2,2016,11.6714
206000,QD,6,3,2016,11.5857
206000,QD,13,3,2016,8.4814
206000,QD,20,3,2016,7.1829
206000,QD,27,3,2016,7.6171
206000,QD,3,4,2016,5.4157
206000,QD,10,4,2016,3.3343
206000,QD,17,4,2016,3.6357
206000,QD,24,4,2016,3.5871
206000,QD,1,5,2016,3.3571
206000,QD,8,5,2016,3.0443
206000,QD,15,5,2016,3.0243
206000,QD,22,5,2016,2.9286
206000,QD,29,5,2016,5.3614
206000,QD,5,6,2016,7.6643
206000,QD,12,6,2016,5.4029
206000,QD,19,6,2016,6.2271
206000,QD,26,6,2016,4.0129
206000,QD,3,7,2016,3.1871
206000,QD,10,7,2016,2.8871
206000,QD,17,7,2016,3.2314
206000,QD,24,7,2016,3.7843
206000,QD,31,7,2016,4.14
206000,QD,7,8,2016,3.8371
206000,QD,14,8,2016,2.8514
206000,QD,21,8,2016,2.7214
206000,QD,28,8,2016,1.92
206000,QD,4,9,2016,2.0057
206000,QD,11,9,2016,2.0414
206000,QD,18,9,2016,5.0429
206000,QD,25,9,2016,3.3343
206000,QD,2,10,2016,3.8629
206000,QD,9,10,2016,4.8529
206000,QD,16,10,2016,4.4857
206000,QD,23,10,2016,6.0543
206000,QD,30,10,2016,3.8229
206000,QD,6,11,2016,4.2043
206000,QD,13,11,2016,5.4543
206000,QD,20,11,2016,8.0886
206000,QD,27,11,2016,4.2643
206000,QD,4,12,2016,3.4457
206000,QD,11,12,2016,3.8871
206000,QD,18,12,2016,3.6114
206000,QD,25,12,2016,4.3429
206000,QD,1,1,2017,3.5857
206000,QD,8,1,2017,3.0886
206000,QD,15,1,2017,3.3629
206000,QD,22,1,2017,2.9786
206000,QD,29,1,2017,2.5857
206000,QD,5,2,2017,3.6057
206000,QD,12,2,2017,3.1057
206000,QD,19,2,2017,15.4871
206000,QD,26,2,2017,13.4986
206000,QD,5,3,2017,6.9043
206000,QD,12,3,2017,6.2743
206000,QD,19,3,2017,11.0986
206000,QD,26,3,2017,4.0414
206000,QD,2,4,2017,3.3786
206000,QD,9,4,2017,2.2743
206000,QD,16,4,2017,1.8729
206000,QD,23,4,2017,1.8271
206000,QD,30,4,2017,1.8143
206000,QD,7,5,2017,2.0614
206000,QD,14,5,2017,2.03
206000,QD,21,5,2017,2.6143
206000,QD,28,5,2017,2.6314
206000,QD,4,6,2017,3.9443
206000,QD,11,6,2017,2.4943
206000,QD,18,6,2017,2.0329
206000,QD,25,6,2017,1.7543
206000,QD,2,7,2017,1.7486
206000,QD,9,7,2017,1.7343
206000,QD,16,7,2017,3.0143
206000,QD,23,7,2017,3.0557
206000,QD,30,7,2017,3.2129
206000,QD,6,8,2017,2.9229
206000,QD,13,8,2017,2.77
206000,QD,20,8,2017,2.1186
206000,QD,27,8,2017,2.0571
206000,QD,3,9,2017,2.9414
206000,QD,10,9,2017,2.7957
206000,QD,17,9,2017,4.3943
206000,QD,24,9,2017,3.5371
206000,QD,1,10,2017,4.3357
206000,QD,8,10,2017,7.28
206000,QD,15,10,2017,4.8514
206000,QD,22,10,2017,4.3071
206000,QD,29,10,2017,9.0186
206000,QD,5,11,2017,5.82
206000,QD,12,11,2017,7.3771
206000,QD,19,11,2017,8.1757
206000,QD,26,11,2017,11.54
206000,QD,3,12,2017,8.56
206000,QD,10,12,2017,9.9986
206000,QD,17,12,2017,9.4543
206000,QD,24,12,2017,13.5714
206000,QD,31,12,2017,22.4243
206000,QD,7,1,2018,17.6286
206000,QD,14,1,2018,12.2414
206000,QD,21,1,2018,17.5429
206000,QD,28,1,2018,19.8286
206000,QD,4,2,2018,12.8429
206000,QD,11,2,2018,8.1443
206000,QD,18,2,2018,5.9929
206000,QD,25,2,2018,3.9114
206000,QD,4,3,2018,4.1571
206000,QD,11,3,2018,9.0429
206000,QD,18,3,2018,6.37
206000,QD,25,3,2018,5.4071
206000,QD,1,4,2018,4.1643
206000,QD,8,4,2018,4.2186
206000,QD,15,4,2018,3.8243
206000,QD,22,4,2018,2.6786
206000,QD,29,4,2018,2.1614
206000,QD,6,5,2018,2.1343
206000,QD,13,5,2018,2.3886
206000,QD,20,5,2018,2.5129
206000,QD,27,5,2018,4.9
206000,QD,3,6,2018,3.7929
206000,QD,10,6,2018,4.0286
206000,QD,17,6,2018,2.9757
206000,QD,24,6,2018,2.1943
206000,QD,1,7,2018,2.1971
206000,QD,8,7,2018,1.9257
206000,QD,15,7,2018,1.7671
206000,QD,22,7,2018,1.77
206000,QD,29,7,2018,1.4976
206000,QD,5,8,2018,1.5229
206000,QD,12,8,2018,1.3343
206000,QD,19,8,2018,1.36
206000,QD,26,8,2018,1.4043
206000,QD,2,9,2018,1.35
206000,QD,9,9,2018,1.4271
206000,QD,16,9,2018,1.4557
206000,QD,23,9,2018,3.34
206000,QD,30,9,2018,3.1629
206000,QD,7,10,2018,2.8357
206000,QD,14,10,2018,2.7843
206000,QD,21,10,2018,3.2471
206000,QD,28,10,2018,3.8643
206000,QD,4,11,2018,3.4743
206000,QD,11,11,2018,3.0743
206000,QD,18,11,2018,2.73
206000,QD,25,11,2018,2.2714
206000,QD,2,12,2018,5.8257
206000,QD,9,12,2018,5.5871
206000,QD,16,12,2018,3.1271
206000,QD,23,12,2018,10.2029
206000,QD,30,12,2018,5.1743
206000,QD,6,1,2019,9.4
206000,QD,13,1,2019,13.31
206000,QD,20,1,2019,6.9929
206000,QD,27,1,2019,5.8729
206000,QD,3,2,2019,4.5129
206000,QD,10,2,2019,9.26
206000,QD,17,2,2019,5.8
206000,QD,24,2,2019,5.99
206000,QD,3,3,2019,6.8914
206000,QD,10,3,2019,15.58
206000,QD,17,3,2019,19.7357
206000,QD,24,3,2019,7.2929
206000,QD,31,3,2019,5.0514
206000,QD,7,4,2019,3.7671
206000,QD,14,4,2019,3.0686
206000,QD,21,4,2019,2.1443
206000,QD,28,4,2019,3.1086
206000,QD,5,5,2019,3.3814
206000,QD,12,5,2019,3.3429
206000,QD,19,5,2019,5.6114
206000,QD,26,5,2019,3.6714
206000,QD,2,6,2019,3.01
206000,QD,9,6,2019,2.2757
206000,QD,16,6,2019,2.0686
206000,QD,23,6,2019,1.8686
206000,QD,30,6,2019,1.6371
206000,QD,7,7,2019,1.5
206000,QD,14,7,2019,1.5043
206000,QD,21,7,2019,1.4671
206000,QD,28,7,2019,1.5729
206000,QD,4,8,2019,1.4886
206000,QD,11,8,2019,1.4557
206000,QD,18,8,2019,1.4471
206000,QD,25,8,2019,1.4086
206000,QD,1,9,2019,1.4614
206000,QD,8,9,2019,2.9629
206000,QD,15,9,2019,3.0586
206000,QD,22,9,2019,2.8657
206000,QD,29,9,2019,4.3829
206000,QD,6,10,2019,5.9314
206000,QD,13,10,2019,5.5157
206000,QD,20,10,2019,3.8614
206000,QD,27,10,2019,3.1086
206000,QD,3,11,2019,6.2129
206000,QD,10,11,2019,3.4714
206000,QD,17,11,2019,3.1386
206000,QD,24,11,2019,3.3657
206000,QD,1,12,2019,5.2414
206000,QD,8,12,2019,5.5586
206000,QD,15,12,2019,11.4629
206000,QD,22,12,2019,6.8629
206000,QD,29,12,2019,4.7857
206000,QD,5,1,2020,4.6714
206000,QD,12,1,2020,4.8571
206000,QD,19,1,2020,3.6343
206000,QD,26,1,2020,5.4657
206000,QD,2,2,2020,19.9629
206000,QD,9,2,2020,15.6757
206000,QD,16,2,2020,15.2857
206000,QD,23,2,2020,15.0429
206000,QD,1,3,2020,17.1714
206000,QD,8,3,2020,18.1286
206000,QD,15,3,2020,10.7029
206000,QD,22,3,2020,7.0329
206000,QD,29,3,2020,5.0929
206000,QD,5,4,2020,3.5771
206000,QD,12,4,2020,2.7143
206000,QD,19,4,2020,2.1829
206000,QD,26,4,2020,1.75
206000,QD,3,5,2020,1.6843
206000,QD,10,5,2020,3.6071
206000,QD,17,5,2020,2.9686
206000,QD,24,5,2020,3.2414
206000,QD,31,5,2020,2.5614
206000,QD,7,6,2020,5.9357
206000,QD,14,6,2020,8.0643
206000,QD,21,6,2020,3.5943
206000,QD,28,6,2020,2.6729
206000,QD,5,7,2020,1.85
206000,QD,12,7,2020,1.8529
206000,QD,19,7,2020,1.6
206000,QD,26,7,2020,1.6971
206000,QD,2,8,2020,1.7171
206000,QD,9,8,2020,1.56
206000,QD,16,8,2020,1.4157
206000,QD,23,8,2020,1.4143
206000,QD,30,8,2020,6.3657
206000,QD,6,9,2020,2.5814
206000,QD,13,9,2020,2.5429
206000,QD,20,9,2020,2.1714
206000,QD,27,9,2020,2.7814
206000,QD,4,10,2020,1.8443
206000,QD,11,10,2020,3.8514
206000,QD,18,10,2020,4.2557
206000,QD,25,10,2020,3.5857
206000,QD,1,11,2020,5.0686
206000,QD,8,11,2020,3.8857
206000,QD,15,11,2020,3.37
206000,QD,22,11,2020,3.0086
206000,QD,29,11,2020,2.2171
206000,QD,6,12,2020,2.1943
206000,QD,13,12,2020,2.2757
206000,QD,20,12,2020,4.7871
206000,QD,27,12,2020,5.0129
206000,QD,3,1,2021,2.9457
206000,QD,10,1,2021,2.8914
206000,QD,17,1,2021,2.91
206000,QD,24,1,2021,6.5286
206000,QD,31,1,2021,29.3143
206000,QD,7,2,2021,15.6314
206000,QD,14,2,2021,9.0643
206000,QD,21,2,2021,9.7386
206000,QD,28,2,2021,7.5471
206000,QD,7,3,2021,5.7014
206000,QD,14,3,2021,7.8
206000,QD,21,3,2021,5.3943
206000,QD,28,3,2021,3.98
206000,QD,4,4,2021,3.2643
206000,QD,11,4,2021,3.8214
206000,QD,18,4,2021,3.1557
206000,QD,25,4,2021,2.0729
206000,QD,2,5,2021,2.8814
206000,QD,9,5,2021,7.1586
206000,QD,16,5,2021,9.5457
206000,QD,23,5,2021,5.5014
206000,QD,30,5,2021,4.2614
206000,QD,6,6,2021,9.91
206000,QD,13,6,2021,6.2557
206000,QD,20,6,2021,4.6129
206000,QD,27,6,2021,5.6829
206000,QD,4,7,2021,8.3729
206000,QD,11,7,2021,18.4714
206000,QD,18,7,2021,6.8757
206000,QD,25,7,2021,3.5314
206000,QD,1,8,2021,4.3671
206000,QD,8,8,2021,4.2671
206000,QD,15,8,2021,2.6471
206000,QD,22,8,2021,5.0257
206000,QD,29,8,2021,5.4414
206000,QD,5,9,2021,3.3357
206000,QD,12,9,2021,2.7357
206000,QD,19,9,2021,2.8486
206000,QD,26,9,2021,3.6771
206000,QD,3,10,2021,4.6457
206000,QD,10,10,2021,4.1329
206000,QD,17,10,2021,4.99
206000,QD,24,10,2021,4.4229
206000,QD,31,10,2021,4.68
206000,QD,7,11,2021,5.1943
206000,QD,14,11,2021,3.3429
206000,QD,21,11,2021,3.1686
206000,QD,28,11,2021,4.5671
206000,QD,5,12,2021,5.99
206000,QD,12,12,2021,5.1214
206000,QD,19,12,2021,4.2771
206000,QD,25,12,2021,9.2943
